{"PE": 31.091876187941615, "Price-to-Sales": 7.092711272765941}